priority,company,fit_summary,public_contact,website,status,notes,source_url
1,Wilson Brothers Contractors Limited,"Explicitly builds pipe and box culverts, headwalls, retaining walls alongside rivers, deep drainage",enquiries@wilsonbrotherscontractorsuk.co.uk,https://wilsonbrotherscontractorsuk.co.uk/,researched,"Very high fit; Wales/North-West civil contractor",https://wilsonbrotherscontractorsuk.co.uk/civil
2,SGC Civil Engineering,"Deep drainage; crossing waterways; new ditches, culverts and headwalls; cofferdams/portadams for canals and rivers",enquiries@sgc.ltd,https://sgc.ltd/,researched,"Very high fit; repeated waterway exposure",https://sgc.ltd/sectors/highways
3,SB Civils,"Culvert construction/maintenance, flood alleviation, deep drainage, surface-water drainage and reinforced-concrete infrastructure",info@sbcivils.co.uk,https://sbcivils.co.uk/,researched,"Very high fit; London/South-East projects",https://www.sbcivils.co.uk/drainage-works-london/
4,JOM Construction,"Drainage, culvert and sewer construction; site portfolio includes watercourse work",info@jomconstruction.co.uk,https://www.jomconstruction.co.uk/,researched,"Very high fit; Leeds/Yorkshire",https://www.jomconstruction.co.uk/
5,LCS Civils Ltd,"Deep drainage and box culvert construction across UK infrastructure projects",info@lcscivils.co.uk,https://www.lcscivils.co.uk/,researched,"High fit; specialist drainage/civils",https://www.lcscivils.co.uk/civils
6,Coinford,"Deep drainage, rising mains, pumping stations, culverts and headwalls; council relationships",info@coinford.co.uk,https://www.coinford.co.uk/,researched,"High fit; substantial infrastructure contractor",https://www.coinford.co.uk/services/infrastructure/
7,Albatross Engineering,"Groundworks/civil engineering including deep drainage, headwalls and culvert installation",contact_form_or_site,https://albatrossengineering.co.uk/,researched,"High fit; nationwide civils/FRC subcontractor",https://albatrossengineering.co.uk/
8,R S Civil Engineering Limited,"Groundworks, civil engineering, drainage and earthworks across UK public/private sectors",info@rscivils.co.uk,https://www.rscivils.co.uk/,researched,"Medium-high fit; validate watercourse exposure in first outreach",https://www.rscivils.co.uk/contact-us
9,Axis Civils,"Drainage, utilities, highways, infrastructure and pre-construction services nationwide",mal@axiscivils.co.uk,https://axiscivils.co.uk/,researched,"Medium-high fit; direct named business email",https://axiscivils.co.uk/contact
10,Hugh Pearl Land Drainage Ltd,"Land drainage specialist supplying drainage systems, headwalls and related structures",admin@hughpearl.co.uk,https://hughpearl.co.uk/,researched,"Potential repeat/referral partner as well as end customer",https://hughpearl.co.uk/
11,Flood Risk & Environmental Consulting,"Provides S23 watercourse-consent, drainage and LLFA-related consultancy across England and Wales",contact_via_site,https://www.floodrisk-environmental.co.uk/,researched,"Different angle: expert/referral/competitor-learning prospect; do not use same contractor pitch",https://www.floodrisk-environmental.co.uk/flood-risk-drainage-and-environmental
12,ADC East Anglia Limited,"Association of Drainage Authorities associate member; drainage-sector specialist",info@adcdrainage.co.uk,http://adcdrainage.co.uk/,researched,"Qualified via drainage-industry association; inspect site before sending",https://www.ada.org.uk/member_type/associate-members/page/2/
13,Aquatic Control Engineering Ltd,"Association of Drainage Authorities associate member focused on water-level/flood management",info@aquaticcontrol.co.uk,http://www.aquaticcontrol.co.uk/,researched,"Potential specialist/referral prospect; tailor pitch",https://www.ada.org.uk/member_type/associate-members/page/2/
14,Aqua Mech Ltd,"Association of Drainage Authorities associate member in water-level management sector",rob@aquamech.uk,https://www.aquamech.uk/,researched,"Specialist prospect; validate exact project mix before sending",https://www.ada.org.uk/member_type/associate-members/page/2/
15,Aquaspira Ltd,"Association of Drainage Authorities associate member; drainage/culvert infrastructure supplier",info@aquaspira.com,https://www.aquaspira.com/,researched,"Potential referral/partner route rather than standard £49 end-customer pitch",https://www.ada.org.uk/member_type/associate-members/page/2/
